BMW	116d F20 2.0	2011	2015	Helix Ultra ECT 0W-30	NULL2
BMW	116d F21 1.5	2015		Helix Ultra ECT 0W-30	NULL2
BMW	116i F20 1.6	2011	2015	Helix Ultra 5W-40	NULL2
BMW	118d Coupe E82 105kW	2009		Helix Ultra ECT 0W-30	NULL2
BMW	118d F20 105kW	2011	2015	Helix Ultra ECT 0W-30	NULL2
BMW	118d F21 100kW (B47D20A,N47D20C)	2011		Helix Ultra ECT 0W-30	NULL2
BMW	118d xDrive F21 110kW	2015		Helix Ultra ECT 0W-30	NULL2
BMW	118i F20 1.5	2015	2019	Helix Ultra 5W-40	NULL2
BMW	118i F20 1.6 125kW	2011	2015	Helix Ultra 5W-40	NULL2
BMW	118i F21 1.6 100kW	2015		Helix Ultra 5W-40	NULL2
BMW	120d F20 135kW	2011	2015	Helix Ultra ECT 0W-30	NULL2
BMW	120d F21 120kW (B47D20A,N47D20C)	2013		Helix Ultra ECT 0W-30	NULL2
BMW	120d xDrive F21 140kW	2015		Helix Ultra ECT 0W-30	NULL2
BMW	120i Coupe E82 125kW	2009		Helix Ultra 5W-40	NULL2
BMW	120i E81 125kW	2007	2012	Helix Ultra 5W-40	NULL2
BMW	120i E87 110kW	2004	2007	Helix Ultra 5W-40	NULL2
BMW	120i E87 125kW	2007	2011	Helix Ultra 5W-40	NULL2
BMW	120i F20 2.0 Petrol	2016	2019	Helix Ultra 5W-40	NULL2
BMW	120i F21 1.6	2015		Helix Ultra 5W-40	NULL2
BMW	123d Coupe E82	2007		Helix Ultra ECT 0W-30	NULL2
BMW	125d F20 155kW (N47D20D)	2012	2019	Helix Ultra ECT 0W-30	NULL2
BMW	125d F21 155kW (N47D20D)	2011		Helix Ultra ECT 0W-30	NULL2
BMW	125i Coupe E82	2007		Helix Ultra 5W-40	NULL2
BMW	125i F20 Petrol 165kW	2016	2019	Helix Ultra 5W-40	NULL2
BMW	125i F21 160kW	2011		Helix Ultra 5W-40	NULL2
BMW	M135i F20 235kW	2012	2015	Helix Ultra 5W-40	NULL2
BMW	218i Gran Tourer F46 100kW	2015		Helix Ultra 5W-40	NULL2
BMW	M2 Coupe F87 272kW	2015	2018	Helix Ultra 5W-40	NULL2
BMW	318i E46 2.0 105kW (N42B20A)	2001	2005	Helix Ultra 5W-40	NULL2
BMW	320d F30 135kW	2011	2016	Helix Ultra ECT 0W-30	NULL2
BMW	320d F30 140kW	2015	2018	Helix Ultra ECT 0W-30	NULL2
BMW	320i Coupe E92 125kW	2007		Helix Ultra 5W-40	NULL2
BMW	320i E90 110kW	2004	2007	Helix Ultra 5W-40	NULL2
BMW	320i E90 125kW	2009	2011	Helix Ultra 5W-40	NULL2
BMW	320i F30 2.0 Petrol 135kW (B48B20A)	2015	2018	Helix Ultra 5W-40	NULL2
BMW	320i F30 2.0 Petrol 135kW (N20B20A,N20B20B)	2012	2018	Helix Ultra 5W-40	NULL2
BMW	320i Gran Turismo F34 135kW (N20B20A,N20B20B)	2013	2017	Helix Ultra 5W-40	NULL2
BMW	325i Cabrio E93 3.0 160kW	2007		Helix Ultra 5W-40	NULL2
BMW	325i Coupe E92 3.0 160kW 4WD	2007	2010	Helix Ultra 5W-40	NULL2
BMW	325i Coupe E92 3.0 160kW RWD	2007	2013	Helix Ultra 5W-40	NULL2
BMW	325i E90 2.5 160kW RWD (N52B25A,N52B25BF)	2004	2011	Helix Ultra 5W-40	NULL2
BMW	325i E90 3.0 160kW RWD (N53B30A)	2006	2011	Helix Ultra 5W-40	NULL2
BMW	325i xDrive Coupe E92 3.0 160kW	2008	2013	Helix Ultra 5W-40	NULL2
BMW	325i xDrive E90 3.0 160kW	2008	2011	Helix Ultra 5W-40	NULL2
BMW	328i F30 Petrol 180kW (N20B20A,N26B20A)	2011	2018	Helix Ultra 5W-40	NULL2
BMW	330i F30 (B46B20B)	2015	2018	Helix Ultra 5W-40	NULL2
BMW	330i xDrive Coupe E92	2008		Helix Ultra 5W-40	NULL2
BMW	335i F30 225kW	2011	2015	Helix Ultra 5W-40	NULL2
BMW	335i xDrive Coupe E92 225kW (N54B30A)	2008		Helix Ultra 5W-40	NULL2
BMW	340i F30 240kW	2015	2018	Helix Ultra 5W-40	NULL2
BMW	420d Cabrio F33 140kW	2015		Helix Ultra ECT 0W-30	NULL2
BMW	420i Cabrio F33 135kW (B48B20A)	2016		Helix Ultra 5W-40	NULL2
BMW	428i Cabrio F33	2013		Helix Ultra 5W-40	NULL2
BMW	428i Gran Coupe F36 180kW	2014		Helix Ultra 5W-40	NULL2
BMW	430d Cabrio F33 190kW	2014		Helix Ultra ECT 0W-30	NULL2
BMW	430i Cabrio F33	2016		Helix Ultra 5W-40	NULL2
BMW	430i Coupe F32	2016		Helix Ultra 5W-40	NULL2
BMW	430i Gran Coupe F36 (B46B20B)	2016		Helix Ultra 5W-40	NULL2
BMW	430i xDrive Cabrio F33 (B46B20B)	2016		Helix Ultra 5W-40	NULL2
BMW	435i Coupe F32 225kW	2013		Helix Ultra 5W-40	NULL2
BMW	440i Cabrio F33 240kW	2016		Helix Ultra 5W-40	NULL2
BMW	440i Coupe F32 240kW	2016		Helix Ultra 5W-40	NULL2
BMW	440i xDrive Cabrio F33 240kW	2016		Helix Ultra 5W-40	NULL2
BMW	5 ActiveHybrid F10	2011	2016	Helix Ultra 5W-40	NULL2
BMW	520d F10 140kW	2014	2016	Helix Ultra ECT 0W-30	NULL2
BMW	520d G30 140kW	2016		Helix Ultra ECT 0W-30	NULL2
BMW	520d xDrive G30 140kW	2016		Helix Ultra ECT 0W-30	NULL2
BMW	520i F10 2.0 135kW	2011	2016	Helix Ultra 5W-40	NULL2
BMW	523i E60 130kW (N52B25A,N52B25BE)	2004	2007	Helix Ultra 5W-40	NULL2
BMW	525d F10 2.0 160kW	2011	2016	Helix Ultra ECT 0W-30	NULL2
BMW	525d xDrive F10 160kW	2011	2016	Helix Ultra ECT 0W-30	NULL2
BMW	528i F10 2.0 180kW	2011	2016	Helix Ultra 5W-40	NULL2
BMW	528i F10 3.0 190kW (N53B30A)	2010	2012	Helix Ultra 5W-40	NULL2
BMW	528i xDrive F10	2011	2016	Helix Ultra 5W-40	NULL2
BMW	530d F10 190kW	2011	2016	Helix Ultra ECT 0W-30	NULL2
BMW	530d G30	2016		Helix Ultra ECT 0W-30	NULL2
BMW	530d Gran Turismo F07 190kW	2012	2017	Helix Ultra ECT 0W-30	NULL2
BMW	530d xDrive F10 190kW	2011	2016	Helix Ultra ECT 0W-30	NULL2
BMW	530d xDrive G30 195kW	2016		Helix Ultra ECT 0W-30	NULL2
BMW	530i E60 190kW RWD (N52B30A,N52B30BF)	2005	2007	Helix Ultra 5W-40	NULL2
BMW	530i F10 200kW	2011	2013	Helix Ultra 5W-40	NULL2
BMW	530i G30 (B46B20B)	2016		Helix Ultra 5W-40	NULL2
BMW	530i xDrive G30 (B46B20B)	2016		Helix Ultra 5W-40	NULL2
BMW	535i F10 225kW	2010	2016	Helix Ultra 5W-40	NULL2
BMW	535i Gran Turismo F07 225kW	2009	2017	Helix Ultra 5W-40	NULL2
BMW	535i xDrive F10 225kW	2010	2016	Helix Ultra 5W-40	NULL2
BMW	540i G30 250kW	2016		Helix Ultra 5W-40	NULL2
BMW	540i xDrive G30 250kW	2016		Helix Ultra 5W-40	NULL2
BMW	630i Gran Turismo G32	2017		Helix Ultra 5W-40	NULL2
BMW	640i Cabrio F12	2011	2018	Helix Ultra 5W-40	NULL2
BMW	640i Coupe F13	2011	2017	Helix Ultra 5W-40	NULL2
BMW	640i Gran Coupe F06	2012	2018	Helix Ultra 5W-40	NULL2
BMW	645i Coupe E63 245kW	2003	2005	Helix Ultra 5W-40	NULL2
BMW	735i E65 3.6	2001	2005	Helix Ultra 5W-40	NULL2
BMW	735i E66 3.6	2002	2005	Helix Ultra 5W-40	NULL2
BMW	740e G11	2016	2019	Helix Ultra 5W-40	NULL2
BMW	740e G12	2016	2019	Helix Ultra 5W-40	NULL2
BMW	740e xDrive G12	2016		Helix Ultra 5W-40	NULL2
BMW	740i F02 235kW	2012	2015	Helix Ultra 5W-40	NULL2
BMW	740i G12	2015	2019	Helix Ultra 5W-40	NULL2
BMW	740i xDrive F02	2012	2015	Helix Ultra 5W-40	NULL2
BMW	740i xDrive G12 240kW	2016		Helix Ultra 5W-40	NULL2
BMW	760i E65 327kW (N73B60B)	2003	2008	Helix Ultra 5W-40	NULL2
BMW	X1 sDrive 18i E84 110kW (N46B20B)	2010	2015	Helix Ultra 5W-40	NULL2
BMW	X1 sDrive 18i F48 100kW	2015		Helix Ultra 5W-40	NULL2
BMW	X1 sDrive 20d E84 135kW	2012	2015	Helix Ultra ECT 0W-30	NULL2
BMW	X1 sDrive 20i F48	2015		Helix Ultra 5W-40	NULL2
BMW	X3 xDrive 20d G01 140kW	2017	2019	Helix Ultra ECT 0W-30	NULL2
BMW	X3 xDrive 20i F25	2011	2017	Helix Ultra 5W-40	NULL2
BMW	X3 xDrive 20i G01	2017	2018	Helix Ultra 5W-40	NULL2
BMW	X4 xDrive 28i F26 180kW	2014	2018	Helix Ultra 5W-40	NULL2
BMW	X5 E53 4.4 210kW	2000	2003	Helix Ultra 5W-40	NULL2
BMW	X5 xDrive 30i E70 200kW	2008	2010	Helix Ultra 5W-40	NULL2
BMW	X5 xDrive 35i E70 225kW	2010	2013	Helix Ultra 5W-40	NULL2
BMW	X5 xDrive 35i F15 225kW	2013	2018	Helix Ultra 5W-40	NULL2
BMW	X5 xDrive 48i E70	2008	2010	Helix Ultra 5W-40	NULL2
BMW	X6 xDrive 35i E71 225kW (N54B30A)	2008	2014	Helix Ultra 5W-40	NULL2
BMW	X6 xDrive 35i F16 225kW	2014	2019	Helix Ultra 5W-40	NULL2
BMW	Z4 sDrive 20i Cabrio E89 135kW	2011	2016	Helix Ultra 5W-40	NULL2
BMW	Z4 sDrive 28i Cabrio E89	2011	2016	Helix Ultra 5W-40	NULL2
BMW	Z4 sDrive 35i Cabrio E89 225kW	2009	2016	Helix Ultra 5W-40	NULL2
BMW	Z4 sDrive 35is Cabrio E89	2010	2016	Helix Ultra 5W-40	NULL2
BMW	i8 I12	2014		Helix Ultra 5W-40	NULL2
CHEVROLET	Aveo 1.2 Hatchback Petrol 56kW	2008	2012	Helix HX8 Synthetic 5W-30	NULL2
CHEVROLET	Aveo 1.4 Hatchback Petrol 69kW (T255)	2006		Helix HX8 X 5W-30	Helix Eco 5W-30
CHEVROLET	Aveo 1.4 Saloon Petrol 69kW (T200)	2003	2007	Helix HX8 X 5W-30	Helix Eco 5W-30
CHEVROLET	Aveo 1.4 Saloon Petrol 69kW (T250)	2006		Helix HX8 X 5W-30	Helix Eco 5W-30
CHEVROLET	Captiva 2.4 Petrol 123kW FWD	2011		Helix HX8 X 5W-30	Helix Eco 5W-30
CHEVROLET	Captiva Sport 2.4 Petrol 126kW (LE5,LE9(145CUL4))	2009	2011	Helix HX8 X 5W-30	Helix Eco 5W-30
CHEVROLET	Optra Magnum 1.6 Saloon	2006	2012	Helix HX8 X 5W-30	Helix Eco 5W-30
CHEVROLET	Spark 1.0 Petrol 48kW (LA2)	2007		Helix Eco 0W-20	NULL2
CHEVROLET	Spark 1.0 Petrol 49kW	2005	2006	Helix HX8 X 5W-30	Helix Eco 5W-30
CHEVROLET	Spark 1.0 Petrol 55kW	2015		Helix Ultra SN PLUS 0W-20	Helix Eco 0W-20
CHEVROLET	Spark 1.2 Hatchback Petrol 60kW	2010		Helix HX8 X 5W-30	Helix Eco 5W-30
DAIHATSU	Ayla 1.0	2013		Helix HX8 X 5W-30	Helix Eco 5W-30
DAIHATSU	Ayla 1.2	2017		Helix Eco 5W-30	NULL2
DAIHATSU	Charade MK III 1.3 Hatchback 56kW	1988	1993		
DAIHATSU	Charade MK III 1.3 Hatchback 66kW FWD	1988	1993		
DAIHATSU	Charade MK IV 1.3 Hatchback 62kW	1993	2000		
DAIHATSU	Copen 0.7 47kW (KF)	2014		Helix HX8 X 5W-30	Helix Eco 5W-30
DAIHATSU	Luxio	2009		Helix HX8 X 5W-30	Helix Eco 5W-30
DAIHATSU	Move 0.7 33kW	1998	2002	Helix HX8 X 5W-30	Helix Eco 5W-30
DAIHATSU	Move 0.7 43kW FWD (EFVE) (L150S)	2002	2006	Helix HX8 X 5W-30	Helix Eco 5W-30
DAIHATSU	Move 0.7 43kW FWD (EFVE) (L900)	1998	2002	Helix HX8 X 5W-30	Helix Eco 5W-30
DAIHATSU	Move 0.7 47kW FWD (JBDET)	2002	2006	Helix HX8 X 5W-30	Helix Eco 5W-30
DAIHATSU	Move Custom 43kW (EFVE)	2002	2007	Helix HX8 X 5W-30	Helix Eco 5W-30
DAIHATSU	Move Custom 47kW 4WD (JBDET)	2002	2007	Helix HX8 X 5W-30	Helix Eco 5W-30
DAIHATSU	Move Custom 47kW FWD (JBDET)	2002	2007	Helix HX8 X 5W-30	Helix Eco 5W-30
DAIHATSU	Rocky 2.2	1991	1994		
DAIHATSU	Sigra 1.0	2016		Helix Ultra SN PLUS 0W-20	Helix Eco 0W-20
DAIHATSU	Sigra 1.2	2016		Helix HX8 X 5W-30	Helix Eco 5W-30
DAIHATSU	Sirion 1.3 66kW	2011		Helix Ultra SN PLUS 0W-20	Helix Eco 0W-20
DAIHATSU	Taruna 1.6	1999	2005		
DAIHATSU	Terios 1.5 Petrol 77kW 4WD	2005		Helix Eco 5W-30	NULL2
DAIHATSU	Terios 1.5 Petrol 77kW RWD	2005		Helix Eco 5W-30	NULL2
DAIHATSU	Terios 1.5 Petrol 80kW	2005	2010	Helix Eco 5W-30	NULL2
DAIHATSU	Xenia 1.0 41kW	2004	2007	Helix HX8 X 5W-30	NULL2
DAIHATSU	Xenia 1.0 46kW (EJDE)	2007	2011	Helix HX8 X 5W-30	NULL2
DAIHATSU	Xenia 1.0 46kW (EJVE)	2011		Helix HX8 Synthetic 5W-30	NULL2
DAIHATSU	Xenia 1.3 63kW	2004	2007	Helix HX8 X 5W-30	Helix Eco 5W-30
DAIHATSU	Xenia 1.3 68kW (GFS221GR)	2007	2011	Helix HX8 X 5W-30	Helix Eco 5W-30
DAIHATSU	Xenia 1.3 68kW (GFS651GR)	2011	2015	Helix HX8 X 5W-30	Helix Eco 5W-30
DAIHATSU	Xenia 1.3 71kW	2015		Helix HX8 X 5W-30	Helix Eco 5W-30
DATSUN	GO 50kW (AD0K)	2014		Helix HX8 X 5W-30	Helix Eco 5W-30
DATSUN	GO+ 50kW (AD0N,AD0NN)	2015		Helix HX8 X 5W-30	Helix Eco 5W-30
HONDA	Accord Aerodeck MK IV 2.2 110kW (F22A7,F22A8) (CB8,CB9)	1990	1993		
HONDA	Accord Aerodeck MK V 2.2 110kW	1994	1997		
HONDA	Accord MK IV 2.2 110kW	1990	1993		
HONDA	Accord MK IX 2.4 Petrol 129kW	2013		Helix HX8 X 5W-30	Helix Eco 5W-30
HONDA	Accord MK IX 2.4 Petrol 132kW (K24W2)	2014		Helix HX8 X 5W-30	Helix Eco 5W-30
HONDA	Accord MK V 2.2 110kW (F22B5)	1993	1998		
HONDA	Accord MK V 2.3 116kW	1994	1995		
HONDA	Accord MK VI 2.3 Saloon 113kW (F23Z5)	2000	2002	Helix Eco 5W-30	NULL2
HONDA	Accord MK VII 2.4 140kW (K24A3)	2003	2008	Helix Eco 5W-30	NULL2
HONDA	Accord MK VIII 2.4 132kW	2008	2012	Helix HX8 X 5W-30	Helix Eco 5W-30
HONDA	Accord MK VIII 3.5 202kW (J35Z2)	2008	2012	Helix HX8 X 5W-30	Helix Eco 5W-30
HONDA	Brio 1.2 65kW	2011		Helix HX8 X 5W-30	Helix Eco 5W-30
HONDA	Brio 1.3	2011		Helix HX8 X 5W-30	Helix Eco 5W-30
HONDA	CR-V MK I 108kW (B20Z1)	1999	2002	Helix Eco 5W-30	NULL2
HONDA	CR-V MK I 94kW 4WD (B20B4)	1995	2000	Helix Eco 5W-30	NULL2
HONDA	CR-V MK I 98kW	1999	2002	Helix Eco 5W-30	NULL2
HONDA	CR-V MK II 2.0 110kW (RD5,RD8)	2001	2007	Helix Eco 5W-30	NULL2
HONDA	CR-V MK II 2.0 112kW	2002	2006	Helix Eco 5W-30	NULL2
HONDA	CR-V MK III 2.0 Petrol 110kW FWD	2007	2012	Helix Ultra Professional AV 0W-40	NULL2
HONDA	CR-V MK III 2.4 125kW 4WD	2007	2012	Helix Ultra Professional AV 0W-40	NULL2
HONDA	CR-V MK III 2.4 125kW FWD	2007	2012	Helix Ultra Professional AV 0W-40	NULL2
HONDA	CR-V MK IV 2.0 Petrol 114kW FWD	2012		Helix HX8 X 5W-30	Helix Eco 5W-30
HONDA	CR-V MK IV 2.4 Petrol 140kW 4WD	2012		Helix Eco 0W-20	NULL2
HONDA	CR-V MK IV 2.4 Petrol 140kW FWD	2012		Helix Eco 0W-20	NULL2
HONDA	CR-V MK V 1.5 138kW FWD (L15BE)	2016		Helix Ultra SN PLUS 0W-20	Helix Eco 0W-20
HONDA	City MK VI Petrol 88kW (L15A7,L15Z1)	2014		Helix HX8 X 5W-30	Helix Eco 5W-30
HONDA	Civic Aerodeck MK VI 1.6 85kW	1998	2001		
HONDA	Civic Aerodeck MK VI 1.6 92kW	1998	2001		
HONDA	Civic Coupe MK VI 77kW (D16Y6,D16Y7)	1996	2000		
HONDA	Civic Coupe MK VI 92kW	1996	2000		
HONDA	Civic Coupe MK VII 1.7 92kW (D17A5)	2001	2005	Helix Eco 5W-30	NULL2
HONDA	Civic MK IV 1.6 Hatchback 81kW (D16A6)	1988	1991		
HONDA	Civic MK IX 1.8 Saloon Petrol 104kW	2011		Helix Ultra SN PLUS 0W-20	Helix Eco 0W-20
HONDA	Civic MK IX 2.0 Saloon Petrol	2012		Helix Ultra SN PLUS 0W-20	Helix Eco 0W-20
HONDA	Civic MK V 1.6 Hatchback 92kW (D16Z6)	1991	1995		
HONDA	Civic MK VI 1.6 Hatchback 83kW	1995	1997		
HONDA	Civic MK VI 1.6 Hatchback 84kW	1995	2001		
HONDA	Civic MK VII 1.6 Hatchback (D16V1,D16V3,D16W7)	2000	2005	Helix Eco 5W-30	NULL2
HONDA	Civic MK VII 1.7 Hatchback Petrol 92kW	2002	2005	Helix Eco 5W-30	NULL2
HONDA	Civic MK VIII 1.3 Saloon Hybrid-petrol 70kW	2006	2012	Helix HX8 X 5W-30	Helix Eco 5W-30
HONDA	Civic MK VIII 1.8 Saloon Petrol 103kW (R18A1) (FA1)	2005	2013	Helix Ultra SN PLUS 0W-20	Helix Eco 0W-20
HONDA	Civic MK VIII 2.0 Saloon 114kW (FD1)	2006	2012	Helix HX8 X 5W-30	Helix Eco 5W-30
HONDA	Civic MK X 1.5 Saloon 127kW	2016		Helix Ultra SN PLUS 0W-20	Helix Eco 0W-20
HONDA	Civic Shuttle MK IV 1.6 85kW	1988	1992		
HONDA	Fit MK I 1.5 79kW (L15A1)	2002	2007	Helix HX8 X 5W-30	NULL2
HONDA	Freed Petrol 87kW FWD	2008	2016	Helix HX8 X 5W-30	Helix Eco 5W-30
HONDA	HR-V 1.5 Petrol 88kW	2015		Helix HX8 X 5W-30	Helix Eco 5W-30
HONDA	HR-V 1.6 Petrol 77kW 4WD (GH2,GH4)	1999	2005	Helix Eco 5W-30	NULL2
HONDA	HR-V 1.6 Petrol 77kW FWD (GH1,GH3)	1999	2005	Helix Eco 5W-30	NULL2
HONDA	HR-V 1.6 Petrol 91kW 4WD (GH2,GH4)	1999	2005	Helix Eco 5W-30	NULL2
HONDA	HR-V 1.8 Petrol 105kW FWD (R18ZF)	2014		Helix HX8 X 5W-30	Helix Eco 5W-30
HONDA	Jazz MK I 1.3 (L13A5)	2002	2008	Helix Ultra SN PLUS 0W-20	Helix Eco 0W-20
HONDA	Jazz MK II 1.2 (L12B1,L12B2)	2008	2015	Helix HX8 X 5W-30	Helix Eco 5W-30
HONDA	Jazz MK II 1.5	2007	2015	Helix Ultra SN PLUS 0W-20	Helix Eco 0W-20
HONDA	Jazz MK III 1.5 Petrol 88kW	2014		Helix Ultra SN PLUS 0W-20	Helix Eco 0W-20
HONDA	Legend MK II Coupe	1991	1995		
HONDA	Mobilio Petrol 88kW	2013		Helix Ultra SN PLUS 0W-20	Helix Eco 0W-20
HONDA	Odyssey 2.4 Petrol 129kW 4WD	2013		Helix HX8 X 5W-30	Helix Eco 5W-30
HONDA	Odyssey 2.4 Petrol 129kW FWD	2013		Helix HX8 X 5W-30	Helix Eco 5W-30
HONDA	Odyssey 2.4 Petrol 132kW	2008	2013	Helix Ultra SN PLUS 0W-20	Helix Eco 0W-20
HONDA	Prelude MK IV 2.0	1991	1996		
HONDA	Prelude MK IV 2.2 136kW	1993	1996		
HONDA	Prelude MK IV 2.3 (H23A2)	1991	1996		
HONDA	Stepwagon 2.0 99kW	1996	2000		
HONDA	Stream 1.7	2001	2006	Helix Eco 5W-30	NULL2
HONDA	Stream 2.0 115kW	2001	2006	Helix Eco 5W-30	NULL2
HYUNDAI	Accent MK IV 1.4 Saloon Petrol 79kW	2010		Helix Eco 0W-20	NULL2
HYUNDAI	Getz 1.3 60kW	2002	2005		
HYUNDAI	Getz 1.6 78kW	2005	2012	Helix Eco 0W-20	NULL2
HYUNDAI	Getz Prime 1.1	2007	2009		
HYUNDAI	Grandeur 3.0 Petrol 153kW	2001	2005		
HYUNDAI	Matrix MK I 1.6	2001	2010		
HYUNDAI	Santa Fe MK III 2.2 145kW 4WD (DM,DMI)	2012		Helix Ultra ECT 0W-30	NULL2
HYUNDAI	Santa Fe MK III 2.2 145kW FWD (DM,DMI)	2012		Helix Ultra ECT 0W-30	NULL2
HYUNDAI	Santa Fe MK III 2.2 149kW FWD	2015		Helix Ultra ECT 0W-30	NULL2
HYUNDAI	Santa Fe MK III 2.4 129kW FWD	2012		Helix Eco 0W-20	NULL2
HYUNDAI	Sonata MK VII 1.6 132kW	2015		Helix HX8 X 5W-30	Helix Eco 5W-30
HYUNDAI	Sonata MK VII 2.0 Petrol 113kW	2014		Helix HX8 X 5W-30	Helix Eco 5W-30
HYUNDAI	Sonata MK VII 2.0 Petrol 115kW	2014		Helix HX8 X 5W-30	Helix Eco 5W-30
HYUNDAI	Sonata MK VII 2.0 Petrol 180kW (G4KD,G4KH)	2014			
HYUNDAI	Terracan 3.5 147kW	2001	2006		
HYUNDAI	Trajet 2.0 Petrol 103kW (G4GC) (KMDMF8A,KMDMF8E)	2003	2008		
HYUNDAI	Tucson 2.0 Petrol 114kW FWD (TL)	2015		Helix Eco 5W-30	NULL2
HYUNDAI	Tucson 2.0 Petrol 122kW FWD (G4KD)	2010		Helix HX8 X 5W-30	NULL2
HYUNDAI	Grand i10 MK II 1.2 Hatchback Petrol 64kW	2013		Helix Eco 0W-20	NULL2
HYUNDAI	i10 MK I 1.1 Petrol 51kW	2011		Helix HX8 X 5W-30	Helix Eco 5W-30
ISUZU	D-Max Mk I 2.5 Pick up Truck 85kW 4WD	2006	2012		
ISUZU	D-Max Mk I 2.5 Pick up Truck 85kW RWD	2006	2012		
ISUZU	D-Max Mk I 3.0 Pick up Truck 100kW 4WD	2003	2012	Rimula Light Duty LD4 Extra 15W-40	NULL2
ISUZU	D-Max Mk II 2.5 Pick up Truck 100kW 4WD	2012			
ISUZU	D-Max Mk II 2.5 Pick up Truck 100kW RWD	2012			
ISUZU	KB 2.5 66kW	1990	2000		
ISUZU	Panther 2.5 Terrain cab closed	1991	2000		
ISUZU	Panther 2.5 Terrain cab wagon closed 59kW	2000			
ISUZU	Panther 2.5 Terrain cab wagon closed 81kW	1991	2000		
ISUZU	Trooper 3.0 Terrain cab wagon closed	1998	2004		
ISUZU	Trooper 3.1 Terrain cab wagon closed	1991	1998		
KIA	Carens MK I 1.8 93kW	2000	2006		
KIA	Cerato Forte Koup MK III	2014			
KIA	Cerato MK III 1.6 Hatchback 95kW	2014		Helix HX8 X 5W-30	Helix Eco 5W-30
KIA	Cerato MK III 1.6 Saloon Petrol 95kW	2013		Helix HX8 X 5W-30	Helix Eco 5W-30
KIA	Cerato MK III 1.6 Saloon Petrol 96kW	2013		Helix HX8 X 5W-30	Helix Eco 5W-30
KIA	Optima 2.4 Petrol 132kW (G4KE)	2015		Helix Eco 5W-30	NULL2
KIA	Picanto 1.0 Petrol 51kW (TA)	2011		Helix Eco 0W-20	NULL2
KIA	Picanto 1.1 Petrol	2004	2011		
KIA	Picanto 1.2 64kW (TA)	2011		Helix Eco 0W-20	NULL2
KIA	Rio MK I 1.5 Estate 72kW	2000	2005		
KIA	Rio MK III 1.4 Hatchback Petrol 79kW	2011		Helix HX8 X 5W-30	Helix Eco 5W-30
KIA	Sedona MK II 2.9	2006	2015	Helix HX8 X 5W-30	NULL2
KIA	Sephia II	2001	2005		
KIA	Sorento MK II 2.2 145kW 4WD	2009		Helix HX8 X 5W-30	NULL2
KIA	Sorento MK II 2.2 145kW FWD	2009		Helix HX8 X 5W-30	NULL2
KIA	Sorento MK II 2.4 Petrol 128kW 4WD	2009		Helix HX8 X 5W-30	NULL2
KIA	Sorento MK II 2.4 Petrol 128kW FWD	2009		Helix HX8 X 5W-30	NULL2
KIA	Sorento MK III 2.2 145kW	2014		Helix HX8 X 5W-30	NULL2
KIA	Spectra 1.8 Saloon (T8)	2001	2004		
KIA	Sportage 2.0 Sport Utility Vehicle Diesel 135kW FWD (SL)	2010	2015	Helix HX8 X 5W-30	NULL2
KIA	Sportage 2.0 Sport Utility Vehicle Petrol 104kW 4WD	2004	2010	Helix Eco 0W-20	NULL2
KIA	Sportage 2.0 Sport Utility Vehicle Petrol 117kW	2015		Helix Eco 0W-20	NULL2
KIA	Sportage 2.0 Sport Utility Vehicle Petrol 122kW FWD (G4KD) (SL)	2010	2015	Helix HX8 X 5W-30	Helix Eco 5W-30
KIA	Sportage 2.4 130kW	2010	2015	Helix Eco 0W-20	NULL2
MAZDA	2 1.5 Hatchback Petrol 76kW (DE14)	2007	2014	Helix HX8 X 5W-30	Helix Eco 5W-30
MAZDA	2 1.5 Saloon Petrol 76kW	2010	2015	Helix HX8 X 5W-30	Helix Eco 5W-30
MAZDA	6 2.5 Saloon 138kW (PYY1,PYY3)	2012		Helix Ultra SN PLUS 0W-20	Helix Eco 0W-20
MAZDA	6 2.5 Saloon 140kW	2018		Helix Ultra SN PLUS 0W-20	Helix Eco 0W-20
MAZDA	6 2.5 Saloon 141kW (PYY1,PYY3)	2012	2018	Helix Ultra SN PLUS 0W-20	Helix Eco 0W-20
MAZDA	Astina 1.6 66kW (B67L)	1991	1994		
MAZDA	B2500 Pick up Truck Diesel 80kW 4WD (WL84,WLF2)	1999	2006		
MAZDA	Biante 2.0 110kW	2008		Helix HX8 X 5W-30	Helix Eco 5W-30
MAZDA	CX3 2.0 Petrol 109kW FWD	2015		Helix Ultra SN PLUS 0W-20	Helix Eco 0W-20
MAZDA	CX3 2.0 Petrol 110kW FWD	2018		Helix Ultra SN PLUS 0W-20	Helix Eco 0W-20
MAZDA	CX5 2.0 Petrol 114kW FWD (PEY4,PEY5) (KEC9,KEEF,KEF9)	2011	2017	Helix Ultra SN PLUS 0W-20	Helix Eco 0W-20
MAZDA	CX5 2.5 140kW FWD	2016		Helix HX8 X 5W-30	Helix Eco 5W-30
MAZDA	CX9 2.5 170kW FWD	2016		Helix HX8 X 5W-30	Helix Eco 5W-30
MAZDA	CX9 3.7 204kW 4WD (CAY1,CAY5,CAY6)	2007		Helix HX8 X 5W-30	Helix Eco 5W-30
MAZDA	MX5 MK III 2.0 118kW (LFG8,LFY7)	2005	2014	Helix HX8 X 5W-30	Helix Eco 5W-30
MAZDA	MX5 MK IV 1.5 Cabriolet 96kW (P5Z1)	2015		Helix Ultra SN PLUS 0W-20	Helix Eco 0W-20
MAZDA	MX5 MK IV 2.0 Cabriolet 118kW (PEX4,PEX6)	2015		Helix Ultra SN PLUS 0W-20	Helix Eco 0W-20
MAZDA	MX5 MK IV 2.0 Targa 118kW	2016		Helix Ultra SN PLUS 0W-20	Helix Eco 0W-20
MAZDA	Proceed 2.5 63kW RWD	1996	1999		
MAZDA	Proceed 2.5 64kW	1996	1999		
MAZDA	Tribute 3.0 Petrol 149kW 4WD	2001	2008	Helix Eco 5W-30	NULL2
MERCEDES-BENZ	250 S124 Estate 83kW	1992	1993	Helix HX8 Synthetic 5W-30	NULL2
MERCEDES-BENZ	A150 W169 (169031,169331)	2004	2012	Helix HX8 X 5W-30	NULL2
MERCEDES-BENZ	A200 W176 1.6 Petrol	2012		Helix HX8 Synthetic 5W-30	NULL2
MERCEDES-BENZ	B200 W242	2012		Helix HX8 X 5W-30	NULL2
MERCEDES-BENZ	B200 W246 1.6 Petrol	2011		Helix HX8 X 5W-30	NULL2
MERCEDES-BENZ	C160 S205	2015		Helix HX8 X 5W-30	NULL2
MERCEDES-BENZ	C180 A205	2016		Helix HX8 X 5W-30	NULL2
MERCEDES-BENZ	C180 C203 1.8	2002	2008	Helix HX8 X 5W-30	NULL2
MERCEDES-BENZ	C180 C205 115kW	2015		Helix HX8 X 5W-30	NULL2
MERCEDES-BENZ	C180 S205 Petrol	2014		Helix HX8 X 5W-30	NULL2
MERCEDES-BENZ	C180 W203 1.8	2002	2007	Helix HX8 X 5W-30	NULL2
MERCEDES-BENZ	C180 W205 Petrol 115kW (205040,205140)	2013		Helix HX8 X 5W-30	NULL2
MERCEDES-BENZ	C200 A205 2.0 4WD	2016	2018	Helix HX8 Synthetic 5W-30	NULL2
MERCEDES-BENZ	C200 A205 2.0 RWD	2016	2018	Helix HX8 Synthetic 5W-30	NULL2
MERCEDES-BENZ	C200 C205 2.0 4WD	2016	2018	Helix HX8 Synthetic 5W-30	NULL2
MERCEDES-BENZ	C200 C205 2.0 RWD	2015	2018	Helix HX8 Synthetic 5W-30	NULL2
MERCEDES-BENZ	C200 S205 2.0 Petrol 4WD	2015	2018	Helix HX8 Synthetic 5W-30	NULL2
MERCEDES-BENZ	C200 S205 2.0 Petrol RWD	2014	2018	Helix HX8 Synthetic 5W-30	NULL2
MERCEDES-BENZ	C200 W203 1.8 120kW	2002	2007	Helix HX8 X 5W-30	NULL2
MERCEDES-BENZ	C200 W204 1.8 135kW (271820,271860)	2007	2014	Helix HX8 Synthetic 5W-30	NULL2
MERCEDES-BENZ	C200 W204 2.2 100kW (651913)	2010	2014	Helix Ultra ECT 0W-30	NULL2
MERCEDES-BENZ	C200 W205 2.0 Petrol 4WD (205143)	2015	2018	Helix HX8 Synthetic 5W-30	NULL2
MERCEDES-BENZ	C200 W205 2.0 Petrol RWD (205042)	2013	2018	Helix HX8 Synthetic 5W-30	NULL2
MERCEDES-BENZ	C240 S203 RWD	2000	2005	Helix HX8 X 5W-30	NULL2
MERCEDES-BENZ	C240 W203 RWD	2000	2005	Helix HX8 X 5W-30	NULL2
MERCEDES-BENZ	C250 A205 2.0	2016	2018	Helix HX8 Synthetic 5W-30	NULL2
MERCEDES-BENZ	C250 C205 2.0	2015	2018	Helix HX8 Synthetic 5W-30	NULL2
MERCEDES-BENZ	C250 S205 2.0	2014	2018	Helix HX8 Synthetic 5W-30	NULL2
MERCEDES-BENZ	C250 W204 1.8	2009	2014	Helix HX8 Synthetic 5W-30	NULL2
MERCEDES-BENZ	C250 W204 2.2 4WD	2009	2014	Helix HX8 Synthetic 5W-30	NULL2
MERCEDES-BENZ	C250 W204 2.2 RWD	2008	2014	Helix Ultra ECT 0W-30	NULL2
MERCEDES-BENZ	C250 W205 2.0	2014	2018	Helix HX8 Synthetic 5W-30	NULL2
MERCEDES-BENZ	C300 C205 Petrol 180kW RWD	2015	2018	Helix HX8 X 5W-30	NULL2
MERCEDES-BENZ	C300 S205 2.0 Petrol 180kW	2015	2018	Helix HX8 X 5W-30	NULL2
MERCEDES-BENZ	C300 W205 2.0 Petrol 180kW RWD (205048,205148)	2015	2018	Helix HX8 X 5W-30	NULL2
MERCEDES-BENZ	C320 W203 3.2 Petrol RWD	2000	2005	Helix HX8 X 5W-30	NULL2
MERCEDES-BENZ	C350 S205	2015	2018	Helix HX8 X 5W-30	NULL2
MERCEDES-BENZ	E200 A207 1.8 (271820,271860)	2010		Helix HX8 Synthetic 5W-30	NULL2
MERCEDES-BENZ	E200 A207 2.0	2013		Helix HX8 Synthetic 5W-30	NULL2
MERCEDES-BENZ	E200 C207 1.8 (271820,271860)	2009		Helix HX8 Synthetic 5W-30	NULL2
MERCEDES-BENZ	E200 C207 2.0	2013		Helix HX8 Synthetic 5W-30	NULL2
MERCEDES-BENZ	E200 C238 RWD	2016		Helix HX8 X 5W-30	NULL2
MERCEDES-BENZ	E200 S212 2.0	2013		Helix HX8 Synthetic 5W-30	NULL2
MERCEDES-BENZ	E200 W212 1.8 Petrol (212148)	2009	2015	Helix HX8 X 5W-30	NULL2
MERCEDES-BENZ	E200 W212 2.0 Petrol	2013	2016	Helix HX8 Synthetic 5W-30	NULL2
MERCEDES-BENZ	E200 W213 2.0 Petrol 135kW RWD	2016		Helix HX8 X 5W-30	NULL2
MERCEDES-BENZ	E220 A207 125kW (207401,207402)	2010		Helix Ultra ECT 0W-30	NULL2
MERCEDES-BENZ	E220 C207 125kW (207302)	2010		Helix Ultra ECT 0W-30	NULL2
MERCEDES-BENZ	E220 S212 125kW 4WD	2014		Helix Ultra ECT 0W-30	NULL2
MERCEDES-BENZ	E220 S212 125kW RWD (212201,212202)	2009		Helix Ultra ECT 0W-30	NULL2
MERCEDES-BENZ	E250 A207 1.8	2010		Helix HX8 Synthetic 5W-30	NULL2
MERCEDES-BENZ	E250 A207 2.0	2013		Helix HX8 X 5W-30	NULL2
MERCEDES-BENZ	E250 A207 2.2 (207403)	2010		Helix Ultra ECT 0W-30	NULL2
MERCEDES-BENZ	E250 C207 1.8	2009		Helix HX8 Synthetic 5W-30	NULL2
MERCEDES-BENZ	E250 C207 2.0	2013		Helix HX8 X 5W-30	NULL2
MERCEDES-BENZ	E250 C207 2.2 (207303,207304)	2009		Helix Ultra ECT 0W-30	NULL2
MERCEDES-BENZ	E250 S212 2.0	2013		Helix HX8 X 5W-30	NULL2
MERCEDES-BENZ	E250 S212 2.2 RWD (212203,212204)	2009		Helix Ultra ECT 0W-30	NULL2
MERCEDES-BENZ	E250 W212 2.0	2013	2016	Helix HX8 X 5W-30	NULL2
MERCEDES-BENZ	E250 W213	2016		Helix HX8 Synthetic 5W-30	NULL2
MERCEDES-BENZ	E280 W211 3.0 Petrol RWD	2005	2008	Helix HX8 X 5W-30	NULL2
MERCEDES-BENZ	E300 C238 Petrol	2016		Helix HX8 X 5W-30	NULL2
MERCEDES-BENZ	E300 S212 3.0 Diesel 170kW (642850,642852)	2010		Helix Ultra ECT 0W-30	NULL2
MERCEDES-BENZ	E320 W210 Petrol 165kW RWD	1997	2003	Helix HX8 X 5W-30	NULL2
MERCEDES-BENZ	E350 A207 3.0 170kW	2010		Helix Ultra ECT 0W-30	NULL2
MERCEDES-BENZ	E350 A207 3.0 185kW	2013		Helix Ultra ECT 0W-30	NULL2
MERCEDES-BENZ	E350 C207 3.0 170kW	2009		Helix Ultra ECT 0W-30	NULL2
MERCEDES-BENZ	E350 C207 3.0 185kW	2013		Helix Ultra ECT 0W-30	NULL2
MERCEDES-BENZ	E350 S212 3.0 190kW 4WD	2014		Helix Ultra ECT 0W-30	NULL2
MERCEDES-BENZ	E350 S212 3.0 190kW RWD	2014		Helix Ultra ECT 0W-30	NULL2
MERCEDES-BENZ	GLE400 W166 (276821)	2015		Helix HX8 X 5W-30	NULL2
MERCEDES-BENZ	GLS400 X166	2015		Helix HX8 X 5W-30	NULL2
MERCEDES-BENZ	ML350 W166 3.5 4WD	2011	2015	Helix HX8 X 5W-30	NULL2
MERCEDES-BENZ	S350 W221 3.5 200kW 4WD	2006	2013	Helix HX8 X 5W-30	NULL2
MERCEDES-BENZ	S350 W221 3.5 200kW RWD	2005	2013	Helix HX8 X 5W-30	NULL2
MERCEDES-BENZ	S500 W221 5.5 285kW 4WD	2006	2013	Helix HX8 X 5W-30	NULL2
MERCEDES-BENZ	S500 W221 5.5 285kW RWD (221071,221171)	2005	2013	Helix HX8 Synthetic 5W-30	NULL2
MITSUBISHI	Colt MK III 1.5 66kW (4G15)	1991	1993		
MITSUBISHI	Colt MK VI 1.5 Hatchback Petrol 72kW FWD (Z27A)	2004	2006	Helix HX5 15W-40	NULL2
MITSUBISHI	Delica D5 2.0 FWD (4B11)	2007		Helix Ultra SN PLUS 0W-20	Helix Eco 0W-20
MITSUBISHI	Galant MK IX 3.8 171kW FWD	2003	2013	Helix Eco 0W-20	NULL2
MITSUBISHI	L200 2.4 Petrol 97kW RWD (4G64S) (K55T)	1996	2003		
MITSUBISHI	L200 2.5 Pick up Truck 73kW 4WD (K74T)	1996	2007		
MITSUBISHI	L200 3.0 108kW	2001	2005		
MITSUBISHI	Lancer 2.0 Saloon Petrol 113kW FWD	2007		Helix HX7 Plus 5W-40	Helix Ultra 5W-40
MITSUBISHI	Lancer 2.0 Saloon Petrol 115kW	2008		Helix HX7 Plus 5W-40	Helix Ultra 5W-40
MITSUBISHI	Lancer Cedia MK VII 1.6	2000	2003		
MITSUBISHI	Lancer Estate/Wagon MK IV 1.6 4WD	1992	2003		
MITSUBISHI	Lancer Estate/Wagon MK IV 1.8 88kW FWD	1995	2003		
MITSUBISHI	Lancer MK IV 1.6 Saloon 83kW FWD	1992	1995		
MITSUBISHI	Lancer MK IV 1.8 Saloon 103kW	1992	1995		
MITSUBISHI	Mirage 1.2 Hatchback Petrol 57kW	2012		Helix HX8 X 5W-30	NULL2
MITSUBISHI	Outlander Sport MK III 2.0 110kW FWD	2011		Helix Ultra SN PLUS 0W-20	Helix Eco 0W-20
MITSUBISHI	Pajero Sport MK II 2.5 100kW 4WD	2008	2015	Helix HX8 X 5W-30	NULL2
MITSUBISHI	Pajero Sport MK II 2.5 100kW RWD	2008	2015	Helix HX8 X 5W-30	Helix Eco 5W-30
MITSUBISHI	Pajero Sport MK III 2.4 4WD	2015			
MITSUBISHI	Pajero Sport MK III 2.4 RWD	2015			
MITSUBISHI	Pajero Sport MK III 2.5 RWD	2015		Helix HX8 X 5W-30	NULL2
MITSUBISHI	Shogun 2.5 Terrain cab open 73kW	2000	2006		
MITSUBISHI	Shogun 2.8 Terrain cab wagon closed 92kW	1994	2000		
MITSUBISHI	Shogun 3.0 Terrain cab wagon closed 133kW	1997	2000		
MITSUBISHI	Shogun 3.5 Terrain cab wagon closed 149kW	2000	2007		
MITSUBISHI	Shogun MK I 3.0 104kW	1989	1991		
MITSUBISHI	Shogun MK I 3.0 105kW	1989	1991		
NISSAN	Almera MK I 1.6 Saloon 75kW (K4M490,K4M496,K4M497)	2012		Helix HX8 X 5W-30	Helix Eco 5W-30
NISSAN	Elgrand 2.5 125kW FWD	2010		Helix Ultra SN PLUS 0W-20	Helix Eco 0W-20
NISSAN	Elgrand 3.5 206kW FWD	2010		Helix HX8 X 5W-30	Helix Eco 5W-30
NISSAN	Grand Livina 1.5	2009		Helix HX8 X 5W-30	Helix Eco 5W-30
NISSAN	Grand Livina 1.8 Petrol 93kW (L10N,L11N)	2007		Helix HX8 X 5W-30	Helix Eco 5W-30
NISSAN	Juke 1.5 Petrol (F15N)	2010		Helix HX8 X 5W-30	Helix Eco 5W-30
NISSAN	Livina 1.5	2008		Helix HX8 X 5W-30	Helix Eco 5W-30
NISSAN	March 1.2 56kW	2010		Helix Ultra SN PLUS 0W-20	Helix Eco 0W-20
NISSAN	March 1.5 Petrol 85kW (K13N)	2010		Helix HX8 X 5W-30	Helix Eco 5W-30
NISSAN	Navara 2.5 Pick up Truck Diesel 128kW 4WD (D40L)	2005		Helix HX8 X 5W-30	Helix Eco 5W-30
NISSAN	Navara 2.5 Pick up Truck Diesel 98kW 4WD	2001		Rimula R3 Turbo 15W-40	NULL2
NISSAN	Pathfinder 2.4 Terrain cab closed 87kW	1999	2002	Helix Eco 5W-30	NULL2
NISSAN	Pathfinder 2.4 Terrain cab wagon closed 87kW	1999	2002	Helix Eco 5W-30	NULL2
NISSAN	Patrol GR MK IV 4.2 Diesel 92kW	1988	1997		
NISSAN	Primera 2.0 Hatchback Diesel 55kW	1991	1996		
NISSAN	Primera 2.0 Hatchback Diesel 66kW	1996	2002		
NISSAN	Primera 2.0 Hatchback Petrol 105kW FWD	1990	1993		
NISSAN	Primera 2.0 Saloon Diesel 66kW	1996	2001		
NISSAN	Primera 2.0 Saloon Petrol 92kW	1991	1996		
NISSAN	Primera 2.0 Saloon Petrol 96kW (P10E)	1990	1996		
NISSAN	Primera Estate/Wagon 2.0 Estate Petrol 96kW	1998	2001		
NISSAN	Pulsar MK I 1.6 Hatchback	2000	2003	Helix Eco 5W-30	NULL2
NISSAN	Pulsar MK I 1.6 Saloon	2000	2003	Helix Eco 5W-30	NULL2
NISSAN	Pulsar MK I 1.8 Saloon 84kW	2000	2002		
NISSAN	Pulsar MK I 1.8 Saloon 94kW	2002	2006	Helix HX8 X 5W-30	Helix Eco 5W-30
NISSAN	Pulsar MK IV 1.6 Saloon 75kW FWD	1992	1995		
NISSAN	Pulsar MK IV 2.0 Hatchback Diesel	1990	1995		
NISSAN	Pulsar MK IV 2.0 Hatchback Petrol 162kW	1992	1993		
NISSAN	Pulsar MK V 1.6 Saloon 73kW	1995	2000		
NISSAN	Sentra (USA) 1.8 88kW	2000	2006	Helix Eco 5W-30	NULL2
NISSAN	Sentra (USA) 1.8 93kW (B15U)	2000	2006	Helix HX8 X 5W-30	Helix Eco 5W-30
NISSAN	Serena 2.0 Petrol 108kW FWD (MR20DD)	2010		Helix Ultra SN PLUS 0W-20	Helix Eco 0W-20
NISSAN	Serena 2.0 Petrol 110kW	2016		Spirax S2 A 80W-90	NULL2
NISSAN	Sunny MK VIII 1.6 Saloon 75kW FWD	1992	1995		
NISSAN	Sunny MK VIII 2.0 Hatchback Diesel	1990	1995		
NISSAN	Sunny Neo MK I 1.8 94kW FWD	2000	2002	Helix Eco 5W-30	NULL2
NISSAN	Teana MK I 2.0	2003	2008	Helix HX8 X 5W-30	Helix Eco 5W-30
NISSAN	Teana MK II 2.5 134kW (J32)	2008	2015	Helix HX8 X 5W-30	Helix Eco 5W-30
NISSAN	Teana MK III 2.5 Petrol 127kW (L33L)	2013		Helix HX8 X 5W-30	Helix Eco 5W-30
NISSAN	Terrano II 2.4 Terrain cab closed 93kW	1993	1996		
NISSAN	Terrano II 2.4 Terrain cab wagon closed 93kW	1993	1996		
NISSAN	Tino 2.0	2000	2003		
NISSAN	X-Trail 2.0 Hybrid-petrol 108kW FWD	2016		Helix HX8 X 5W-30	Helix Eco 5W-30
NISSAN	X-Trail 2.0 Petrol 106kW FWD (T32,T32N,T32T)	2014		Helix HX8 X 5W-30	Helix Eco 5W-30
NISSAN	X-Trail 2.0 Petrol 110kW FWD	2001	2007	Helix Eco 5W-30	NULL2
NISSAN	X-Trail 2.5 Petrol 124kW FWD (T31,T31R)	2007	2014	Helix HX8 X 5W-30	Helix Eco 5W-30
NISSAN	X-Trail 2.5 Petrol 126kW FWD (T32)	2014		Helix HX8 X 5W-30	Helix Eco 5W-30
PROTON	Exora Bold	2011			
PROTON	Exora Petrol 103kW	2009			
PROTON	Exora Petrol 93kW	2009			
PROTON	Exora Prime	2011			
PROTON	Gen 2 1.6 Hatchback Petrol 82kW	2003		Helix Eco 5W-30	NULL2
PROTON	Gen 2 1.6 Saloon Petrol	2009		Helix Eco 5W-30	NULL2
PROTON	Persona 1.6 Saloon Petrol 82kW	2007	2016	Helix Eco 5W-30	NULL2
PROTON	Savvy	2005	2012		
SUZUKI	Baleno 1.0 (WB42S)	2016		Helix HX8 X 5W-30	Helix Eco 5W-30
SUZUKI	Baleno 1.6 Hatchback FWD	1995	2002	Helix Eco 5W-30	NULL2
SUZUKI	Cultus 1.3 Hatchback 63kW FWD	2001	2003	Helix Eco 5W-30	NULL2
SUZUKI	Ertiga 1.4 69kW	2012	2018	Helix HX8 X 5W-30	Helix Eco 5W-30
SUZUKI	Ertiga 1.4 70kW	2012		Helix HX8 X 5W-30	Helix Eco 5W-30
SUZUKI	Escudo 2.0 Terrain cab closed Petrol 97kW	1996	2000		
SUZUKI	Grand Escudo 2.7 127kW	1998	2003	Helix HX8 X 5W-30	Helix Eco 5W-30
SUZUKI	Grand Escudo XL 106kW	1998	2003	Helix HX8 X 5W-30	Helix Eco 5W-30
SUZUKI	Grand Escudo XL 118kW	2003	2005	Helix HX8 X 5W-30	Helix Eco 5W-30
SUZUKI	Grand Vitara MK II 2.0 103kW 4WD	2005	2015	Helix HX8 X 5W-30	Helix Eco 5W-30
SUZUKI	Grand Vitara MK II 2.4 Terrain cab wagon closed 122kW 4WD	2005		Helix Ultra SN PLUS 0W-20	Helix Eco 0W-20
SUZUKI	Grand Vitara MK II 2.4 Terrain cab wagon closed 122kW RWD	2009		Helix Ultra SN PLUS 0W-20	Helix Eco 0W-20
SUZUKI	Ignis MK III Petrol 60kW	2017		Helix Ultra SN PLUS 0W-20	Helix Eco 0W-20
SUZUKI	Karimun Wagon R	2013		Helix Ultra SN PLUS 0W-20	Helix Eco 0W-20
SUZUKI	Katana 1.0	1988	1990		
SUZUKI	Katana 1.3 Terrain cab closed 47kW	1988	1992		
SUZUKI	Katana 1.3 Terrain cab closed 51kW (G13A)	1988	1992		
SUZUKI	Katana 1.3 Terrain cab closed 51kW (G13BA)	1989	2000		
SUZUKI	Katana 1.3 Terrain cab open 47kW	1988	1992		
SUZUKI	Katana 1.3 Terrain cab open 51kW (G13A)	1988	1992		
SUZUKI	Katana 1.3 Terrain cab open 51kW (G13BA)	1989	2000		
SUZUKI	Katana 1.3 Terrain cab wagon closed (G13A)	1988	1992		
SUZUKI	Katana 1.3 Terrain cab wagon closed (G13BA)	1989	2000		
SUZUKI	MR Wagon 40kW FWD (K6A) (AMF21S)	2001	2006	Helix HX8 X 5W-30	Helix Eco 5W-30
SUZUKI	MR Wagon 44kW FWD (K6AT)	2001	2006	Helix HX8 X 5W-30	Helix Eco 5W-30
SUZUKI	MR Wagon 47kW FWD (K6AIT)	2001	2006	Helix HX8 X 5W-30	Helix Eco 5W-30
SUZUKI	SX4 1.5 Hatchback 82kW 4WD	2009	2015	Helix Ultra SN PLUS 0W-20	Helix Eco 0W-20
SUZUKI	Sidekick 1.6 Terrain cab open 59kW RWD	1989	1996		
SUZUKI	Sidekick 1.6 Terrain cab wagon closed 71kW RWD (G16B)	1990	1998		
SUZUKI	Splash 1.2 Petrol 63kW (K12M)	2009	2016	Helix HX8 X 5W-30	Helix Eco 5W-30
SUZUKI	Swift MK IV 1.3 Petrol 67kW FWD	2005	2011	Helix HX8 X 5W-30	Helix Eco 5W-30
SUZUKI	Swift MK IV 1.3 Petrol 68kW FWD	2005	2012	Helix HX8 X 5W-30	Helix Eco 5W-30
SUZUKI	Swift MK IV 1.5 75kW	2005	2011	Helix HX8 X 5W-30	Helix Eco 5W-30
SUZUKI	Swift MK IV 1.6	2006	2012	Helix HX8 X 5W-30	Helix Eco 5W-30
SUZUKI	Swift MK V 1.4 70kW	2011		Helix Ultra SN PLUS 0W-20	Helix Eco 0W-20
SUZUKI	Swift MK V 1.6 100kW (AZG416)	2012		Helix HX8 X 5W-30	Helix Eco 5W-30
SUZUKI	Wagon R 0.7 Petrol 40kW FWD (F6A12)	1997	2000		
TOYOTA	Agya 1.0 48kW	2012	2017	Helix HX8 X 5W-30	Helix Eco 5W-30
TOYOTA	Agya 1.0 49kW	2017		Helix HX8 X 5W-30	Helix Eco 5W-30
TOYOTA	Agya 1.2	2017		Helix HX8 X 5W-30	Helix Eco 5W-30
TOYOTA	Alphard MK II 2.4 Petrol 125kW FWD	2008	2014	Helix HX8 X 5W-30	Helix Eco 5W-30
TOYOTA	Alphard MK III 2.5 Hybrid-petrol	2015		Helix Ultra SN PLUS 0W-20	Helix Eco 0W-20
TOYOTA	Alphard MK III 2.5 Petrol 132kW	2015		Helix Ultra SN PLUS 0W-20	Helix Eco 0W-20
TOYOTA	Alphard MK III 3.5 202kW	2015		Helix Ultra SN PLUS 0W-20	Helix Eco 0W-20
TOYOTA	Avanza 1.3 63kW	2003	2011	Helix HX8 X 5W-30	Helix Eco 5W-30
TOYOTA	Avanza 1.3 65kW	2002	2011	Helix HX8 X 5W-30	Helix Eco 5W-30
TOYOTA	Avanza 1.3 67kW (F651)	2011	2015	Helix HX8 X 5W-30	Helix Eco 5W-30
TOYOTA	Avanza 1.3 71kW	2015		Helix HX8 X 5W-30	Helix Eco 5W-30
TOYOTA	Avanza 1.5 76kW (2NRVE)	2015		Helix HX8 X 5W-30	Helix Eco 5W-30
TOYOTA	Avanza 1.5 76kW (3SZVE)	2011	2015	Helix Ultra ECT 0W-30	NULL2
TOYOTA	Avanza 1.5 77kW	2015		Helix HX8 X 5W-30	Helix Eco 5W-30
TOYOTA	Avanza 1.5 80kW	2006	2011	Rimula Light Duty LD4 Extra 15W-40	Rimula R3 Turbo 15W-40
TOYOTA	Avanza Veloz 1.3	2015		Helix Ultra SN PLUS 0W-20	Helix Eco 0W-20
TOYOTA	Avanza Veloz 1.5	2015		Helix HX8 X 5W-30	Helix Eco 5W-30
TOYOTA	Calya	2016		Helix HX8 X 5W-30	Helix Eco 5W-30
TOYOTA	Camry 2.4 Petrol 112kW (ACV30,ACV36)	2001	2006	Helix HX8 X 5W-30	Helix Eco 5W-30
TOYOTA	Camry 2.5 Saloon Petrol 133kW (ASV50)	2011		Helix HX8 X 5W-30	Helix Eco 5W-30
TOYOTA	Camry 2.5 Saloon Petrol 133kW (ASV70)	2017		Helix HX8 X 5W-30	Helix Eco 5W-30
TOYOTA	Corolla 1.6 Hatchback 81kW FWD (4AFE)	1997	2000		
TOYOTA	Corolla 1.6 Hatchback 85kW (4AFE)	1992	1997		
TOYOTA	Corolla 1.8 Saloon Petrol 100kW (1ZZFE)	2001	2008	Helix HX8 X 5W-30	Helix Eco 5W-30
TOYOTA	Corolla Altis 1.8 Petrol 100kW (1ZZFE)	2001	2008	Helix Eco 5W-30	NULL2
TOYOTA	Corolla Altis 2.0 116kW	2010	2013	Helix HX8 X 5W-30	Helix Eco 5W-30
TOYOTA	Corona EXIV 2.0 103kW (3SFE) (ST202)	1995	1999		
TOYOTA	Corona EXIV 2.0 125kW (ST191)	1993	1995		
TOYOTA	Corona EXIV 2.0 125kW (ST202)	1995	1999		
TOYOTA	Corona EXIV 2.0 98kW	1993	1995		
TOYOTA	Crown Majesta 3.0 162kW (2JZGE) (JZS149)	1991	1995	Helix HX8 X 5W-30	Helix Eco 5W-30
TOYOTA	Duet 1.0 40kW	1998	2004	Helix HX8 X 5W-30	Helix Eco 5W-30
TOYOTA	Etios Valco	2011		Helix HX8 X 5W-30	Helix Eco 5W-30
TOYOTA	Fortuner 2.4 110kW 4WD	2015			
TOYOTA	Fortuner 2.4 110kW RWD	2015			
TOYOTA	Fortuner 2.5 106kW RWD	2009	2015	Rimula R3 Turbo 15W-40	NULL2
TOYOTA	Fortuner 2.5 75kW RWD (KUN60)	2004	2015	Rimula R3 Turbo 15W-40	NULL2
TOYOTA	Fortuner 2.7 118kW 4WD	2004	2015	Helix HX8 X 5W-30	Helix Eco 5W-30
TOYOTA	Fortuner 2.7 118kW RWD	2004	2015	Helix HX8 X 5W-30	Helix Eco 5W-30
TOYOTA	Fortuner 2.7 120kW RWD	2016		Helix HX8 X 5W-30	Helix Eco 5W-30
TOYOTA	Fortuner 2.7 121kW	2015		Helix HX8 X 5W-30	Helix Eco 5W-30
TOYOTA	Fortuner 2.7 122kW RWD	2015		Helix HX8 X 5W-30	Helix Eco 5W-30
TOYOTA	86 147kW	2012		Helix HX8 X 5W-30	Helix Eco 5W-30
TOYOTA	GT 86	2012		Helix HX8 X 5W-30	Helix Eco 5W-30
TOYOTA	Hilux MK VI 2.7 Pick up Truck 108kW	1997	2004	Helix Eco 5W-30	NULL2
TOYOTA	Hilux MK VI 3.0 Pick up Truck Diesel 67kW 4WD (LN172)	1997	2005	Helix HX8 Synthetic 5W-30	NULL2
TOYOTA	Hilux MK VI 3.0 Pick up Truck Diesel 71kW 4WD	1998	2005	Helix HX8 Synthetic 5W-30	NULL2
TOYOTA	Hilux MK VII 2.5 106kW 4WD	2007	2015	Helix HX8 Synthetic 5W-30	NULL2
TOYOTA	Hilux MK VII 2.5 75kW RWD	2005	2015	Helix HX8 Synthetic 5W-30	NULL2
TOYOTA	Hilux MK VII 2.7 Pick up Truck Petrol 118kW 4WD	2005	2015	Helix HX8 X 5W-30	Helix Eco 5W-30
TOYOTA	Hilux MK VIII 2.0 101kW	2015		Helix HX8 X 5W-30	Helix Eco 5W-30
TOYOTA	Hilux MK VIII 2.4 Pick up Truck 108kW RWD (GUN112,GUN122)	2015		Rimula R3 Turbo 15W-40	NULL2
TOYOTA	Hilux MK VIII 2.4 Pick up Truck 110kW 4WD	2015		Rimula R3 Turbo 15W-40	NULL2
TOYOTA	Hilux MK VIII 2.5 106kW 4WD	2015		Rimula R3 Turbo 15W-40	NULL2
TOYOTA	Kijang Innova 2.0 100kW	2004	2015	Rimula Light Duty LD4 Extra 15W-40	NULL2
TOYOTA	Kijang Innova 2.0 102kW	2015		Helix Ultra SN PLUS 0W-20	Helix Eco 0W-20
TOYOTA	Kijang Innova 2.4	2015		Rimula Light Duty LD4 Extra 15W-40	NULL2
TOYOTA	Land Cruiser 100 4.2 150kW	1998	2008	Rimula R3 Turbo 15W-40	NULL2
TOYOTA	Land Cruiser 200 4.5 173kW	2007		Rimula R3 Turbo 15W-40	NULL2
TOYOTA	Land Cruiser 200 4.5 195kW	2008		Helix HX8 Synthetic 5W-30	NULL2
TOYOTA	Land Cruiser 4.2 Terrain cab closed Diesel 123kW (HZJ70)	1990	2001		
TOYOTA	Land Cruiser 4.2 Terrain cab wagon closed Diesel 123kW (1HZ) (HZJ75)	1990	2001		
TOYOTA	Prius 1.8 73kW	2008		Helix Ultra SN PLUS 0W-20	Helix Eco 0W-20
TOYOTA	RAV 4 MK I 2.0 94kW	1997	2000	Helix Eco 5W-30	NULL2
TOYOTA	RAV 4 MK II 1.8	2000	2005	Helix Eco 5W-30	NULL2
TOYOTA	RAV 4J MK II 1.8 (ZCA25W,ZCA26W)	2000	2005	Helix Eco 5W-30	NULL2
TOYOTA	RAV 4L MK II 1.8 (ZCA25W,ZCA26W)	2000	2005	Helix Eco 5W-30	NULL2
TOYOTA	Rush 80kW RWD (F700)	2006		Helix HX8 X 5W-30	Helix Eco 5W-30
TOYOTA	Sienta 1.5 Petrol 79kW	2016		Helix Ultra SN PLUS 0W-20	Helix Eco 0W-20
TOYOTA	Soluna Vios	2002	2006	Helix HX7 Plus 5W-40	Helix Ultra 5W-40
TOYOTA	Vellfire 2.5 Petrol FWD	2015		Helix Ultra SN PLUS 0W-20	Helix Eco 0W-20
TOYOTA	Vellfire 3.5 206kW FWD (GGH30W)	2015		Helix Ultra SN PLUS 0W-20	Helix Eco 0W-20
TOYOTA	Vios 1.5 79kW (2NRFBE)	2016		Helix HX8 X 5W-30	Helix Eco 5W-30
TOYOTA	Vios 1.5 80kW (NCP42)	2002	2006		
TOYOTA	Voxy 2.0 112kW FWD (3ZRFAE)	2014		Helix Ultra SN PLUS 0W-20	Helix Eco 0W-20
TOYOTA	Yaris 1.5 Hatchback Petrol 79kW (1NZFE) (NCP150)	2014		Helix HX8 X 5W-30	Helix Eco 5W-30
TOYOTA	Yaris 1.5 Hatchback Petrol 79kW (2NRFE)	2016		Helix HX8 X 5W-30	Helix Eco 5W-30
TOYOTA	Yaris 1.5 Hatchback Petrol 80kW (NCP131)	2010		Helix HX8 X 5W-30	Helix Eco 5W-30
TOYOTA	Yaris 1.5 Hatchback Petrol 80kW (NCP91)	2005	2014	Helix HX8 X 5W-30	Helix Eco 5W-30
TOYOTA	Yaris Heykers	2016		Helix HX8 X 5W-30	Helix Eco 5W-30
